name,price
2006 Honda VFR 800 Interceptor,$5500
Clean Honda Shadow \'05 VLX,$3097
2006 Suzuki hayabusa,$9500
2006 honda cbr 1000RR,$5500
2009 Kawasaki Ninja 250r,$2900
Suzuki 1200S,$2995
83 Honda nighthawk 650. Starter bike,$800
2007 Harley Davidson Ultra Classic,$14000
1981 honda cb900 custom,$1000
R6 raven OBO,$5600
motorcycle for sale,$2500
Kawasaki Ninja zx6r,$3300
Yamaha R6 Raven low miles,$5900
1987 Kawasaki 305,$650
Very big Atv four wheeler for trade or sale,$1500
Motorcycle - Honda VTX 1300C,$4999
1983 GOLDWING,$1500
1996 Yamaha Virago 1100,$2399
2004 Triumph Daytona 955i CE 8k miles,$4000
08 Cobra 50 JR,$1100
2006 Harley Davidson night train,$11700
2013 YAMAHA RAIDER S LOW MILES! 98% APPROVAL RATE!!!,$9899
1970 Honda cb750,$4000
2007 Honda CBR 1000 RR,$7000
2006 Tank scooter deluxe,$1250
250cc scooter New!,$1800
2006 Suzuki Katana GSX750,$3250
Harley Davidson V-Rod/VRSC 2006 Mint Condition,$14500
Honda CT-70 Replica made by Saci,$1650
91 FLHS /TRADE,$1
FS/FT 2006 Suzuki S83 Boulevard,$3500
2001 Harley Davidson Sportster XL1200,$4000
07 Kawasaki ninja Zx6r (OBO),$4300
"Custom Harley V-Rod VROD Chopper/Bagger, Trade/Barter",$30995
1978 Yamaha XS750 Special,$1000
2002 SUZUKI GSXR 750,$1
2014 Yamaha Stryker,$9000
2009 Jonway 250cc Touring scooter trade or sell,$1200
harley dyna wide glide,$11000
"2008 Kawasaki Vulcan 900 Classic LT, ONLY 4000 miles & nice upgrades",$6000
HOVEROUND MPV5 motorized Scooter Wheelchair,$1000
Segway X2,$4600
Segway PT I167,$1850
SCOOTERS 50cc to 250cc,$250
"*PRICE DROP* 2013 Kawasaki Ninja 650, Ninja 650R, EX-6, Black Satin, 3K mi",$5000
2005 yamaha vstar classic 650,$3300
2009 KAWASAKI VULCAN 500 LTD,$2950
west coast chopper cfl *must sell asap*,$14000
west coast chopper cfl *must sell asap*,$14000
Honda Shadow 1100,$2600
Yamaha yz125 dirt bike $1700 firm,$1700
west coast chopper cfl *must sell asap*,$14000
1986 goldwing interstate.gl.1200cc,$990
1980 Kreidler/Batavus,$500
harley davidson 883 sportster,$5700
harley davidson sportster 883,$5700
Honda Shadow Aero VT750 motorcycle lots extras,$3500
1999 Harley Davidson superglide,$6500
98 buell cyclone 1200 chopper,$3000
HARLEY ELECTRA GLIDE CLASSIC LOW MILEGE 2004 CUSTOM,$16500
2007 Suzuki C50 Limited Edition (Boulevard),$4100
2000 Harley Davidson Sportster 883,$3200
2009 YAMAHA VSTAR 950 TOURER,$5150
2006 kawasaki ninja EX500,$2100
"2005 Harley Davidson , Electra glide",$12000
2015 Honda crf 450,$7900
2012 harley fatbob,$11000
2008 scooter,$700
Harley Davidson V-rod Windshield,$200
2012 harley fatbob,$11000
Harley-Davidson Transmission,$500
Mint Suzuki 250 four-stroke,$4800
2001 harley ulra classic elctraglide,$11000
2003 Bandit GSF600S,$2000
2006 Kawaski Vulcan 1600 Classic,$8000
Red Yamaha Riva 125 Scooter,$899
2005 kawasaki kx 125,$2500
2011 HARLEY DAVIDSON LIMITED FLHTK-REDUCED,$19500
2002 Honda Silver Wing,$3600
2006 Harley Davidson FLHTCUI,$12500
2008 Whizzer Ambassador One,$2495
1994 Dyna Wide Glide,$7200
2011 YAMAHA YZ450F,$3800
2005 HARLEY softail,$8200
2006 Harley Ultra Classic,$12500
HARLEY DAVIDSON SPORTSTER 883,$2500
Honda CB,$4600
2010 HARLEY DAVIDSON FLHTC ELECTRA GLIDE CLASSIC TRIKE,$16000
2009 Harley Davidson Ultra Classic,$13750
Kawasaki 636! With upgrades,$4500
2002 Honda Reflex Automatic Scooter,$1600
M Class motorcycle license ?,$75
2009 Harley Buell S1W Low Rider Chopper,$5900
